"package","since","license","biocviews","imports","version","years_ago"
"brainflowprobes",4.5,"Artistic-2.0","Coverage, ExperimentalDesign, FlowCytometry, GeneTarget, Software, Transcriptomics, Visualization","Biostrings(>= 2.52.0), BSgenome.Hsapiens.UCSC.hg19(>= 1.4.0), bumphunter(>= 1.26.0), cowplot (>= 1.0.0), derfinder(>= 1.18.1), derfinderPlot(>= 1.18.1), GenomicRanges(>= 1.36.0), ggplot2 (>= 3.1.1), RColorBrewer (>= 1.1), utils, grDevices, GenomicState(>= 0.99.7)","3.19",2
"flowMap",10.5,"GPL (>=2)","FlowCytometry, ImmunoOncology, MultipleComparison, Software",NA,"3.18",2.5
"oneSENSE",6.5,"GPL (>=3)","DimensionReduction, FlowCytometry, GUI, ImmunoOncology, Software","Rtsne, plotly, gplots, grDevices, graphics, stats, utils, methods, flowCore","3.18",2.5
"MIMOSA",10,"MIT + file LICENSE","CellBasedAssays, FlowCytometry, ImmunoOncology, Software","methods, Formula, data.table, pracma, MCMCpack, coda, modeest, testthat, Rcpp, scales, dplyr, tidyr, rlang","3.17",3
"CytoTree",3.5,"GPL-3","CellBasedAssays, CellBiology, Clustering, FlowCytometry, Network, NetworkInference, Software, Visualization","FlowSOM, Rtsne, ggplot2, destiny, gmodels, flowUtils, Biobase, Matrix, flowCore, sva, matrixStats, methods, mclust, prettydoc, RANN (>= 2.5), Rcpp (>= 0.12.0), BiocNeighbors, cluster, pheatmap, scatterpie, umap, scatterplot3d, limma, stringr, grDevices, grid, stats","3.16",3.5
"flowUtils",16,"Artistic-2.0","CellBasedAssays, DecisionTree, FlowCytometry, ImmunoOncology, Infrastructure, Software","Biobase, graph, methods, stats, utils, corpcor, RUnit, XML, flowCore(>= 1.32.0)","3.16",3.5
"flowCL",10,"Artistic-2.0","FlowCytometry, ImmunoOncology, Software","methods, grDevices, utils, graph","3.16",3.5
"cytofast",5,"GPL-3","Clustering, FlowCytometry, Software, Visualization","flowCore, ggplot2, ggridges, RColorBrewer, reshape2, stats, grDevices, Rdpack, methods, grid, FlowSOM","3.11",6
"FlowRepositoryR",9,"Artistic-2.0","FlowCytometry, ImmunoOncology, Infrastructure, Software","XML, RCurl, tools, utils, jsonlite","3.11",6
"RchyOptimyx",12,"Artistic-2.0","FlowCytometry, Software","Rgraphviz, sfsmisc, graphics, methods, graph, grDevices, flowType(>= 2.0.0)","3.11",6
"flowFit",10.5,"Artistic-2.0","CellBasedAssays, FlowCytometry, ImmunoOncology, Software","flowCore, flowViz, graphics, kza, methods, minpack.lm, gplots","3.11",6
"flowSpy",4.5,"GPL-3","CellBasedAssays, CellBiology, Clustering, FlowCytometry, Network, NetworkInference, Software, Visualization","FlowSOM, Rtsne, ggplot2, destiny, gmodels, flowUtils, Biobase, Matrix, flowCore, sva, matrixStats, methods, mclust, prettydoc, RANN (>= 2.5), Rcpp (>= 0.12.0), BiocNeighbors, cluster, pheatmap, scatterpie, umap, scatterplot3d, limma, stringr, grDevices, grid, stats","3.11",6
"flowType",12.5,"Artistic-2.0","FlowCytometry, ImmunoOncology, Software","Biobase, graphics, grDevices, methods, flowCore, flowMeans, sfsmisc, rrcov, flowClust, flowMerge, stats","3.11",6
"QUALIFIER",12,"Artistic-2.0","CellBasedAssays, FlowCytometry, ImmunoOncology, Infrastructure, Software","MASS, hwriter, lattice, stats4, flowCore, flowViz, methods, flowWorkspace, latticeExtra, grDevices, tools, Biobase, XML, grid","3.11",6
"plateCore",14.5,"Artistic-2.0","CellBasedAssays, FlowCytometry, ImmunoOncology, Infrastructure, Software","Biobase, flowCore, graphics, grDevices, lattice, MASS, methods, robustbase, stats, utils, flowStats","3.10",6.5
"flowQ",16,"Artistic-2.0","CellBasedAssays, FlowCytometry, Infrastructure, Software","methods, BiocGenerics, geneplotter, flowCore, flowViz, IRanges","3.9",7
"flowQB",11.5,"Artistic-2.0","FlowCytometry, ImmunoOncology, MultiChannel, OneChannel, PeakDetection, QualityControl, Regression, Software","methods, flowCore(>= 1.32.0), stats, extremevalues","3.9",7
"cytofkit",9,"Artistic-2.0","BiomedicalInformatics, CellBiology, Clustering, DimensionReduction, FlowCytometry, GUI, Software","tcltk, grDevices, graphics, utils, stats, Rtsne, e1071, flowCore, gplots, colourpicker, VGAM, reshape2, ggrepel, shiny, shinyFiles, vegan, Biobase, doParallel, parallel, pdist, methods, destiny, FlowSOM(>= 1.4.0), igraph (>= 1.1.2), RANN (>= 2.5), Rcpp (>= 0.12.0)","3.7",8
