"package","since","license","imports","version"
"CATALYST",9,"GPL (>=2)","circlize, ComplexHeatmap, ConsensusClusterPlus, cowplot, dplyr, drc, flowCore, FlowSOM, ggplot2, ggrepel, ggridges, graphics, grDevices, grid, gridExtra, Matrix, matrixStats, methods, nnls, RColorBrewer, reshape2, Rtsne, SummarizedExperiment, S4Vectors, scales, scater, stats","3.23"
"censcyt",5,"MIT + file LICENSE","BiocParallel, broom.mixed, dirmult, dplyr, edgeR, fitdistrplus, lme4, magrittr, MASS, methods, mice, multcomp, purrr, rlang, S4Vectors, stats, stringr, SummarizedExperiment, survival, tibble, tidyr, utils","3.23"
"COMPASS",12.5,"Artistic-2.0","methods, Rcpp, data.table, RColorBrewer, scales, grid, plyr, knitr, abind, clue, grDevices, utils, pdist, magrittr, reshape2, dplyr, tidyr, rlang, BiocStyle, rmarkdown, foreach, coda","3.23"
"cyanoFilter",5,"MIT + file LICENSE","Biobase, flowCore, flowDensity, flowClust, cytometree, ggplot2, GGally, graphics, grDevices, methods, mrfDepth, stats, utils","3.23"
"cydar",9,"GPL-3","viridis, methods, shiny, graphics, stats, grDevices, utils, BiocGenerics, S4Vectors, BiocParallel, SummarizedExperiment, flowCore, Biobase, Rcpp, BiocNeighbors","3.23"
"CytoDx",8,"GPL-2","doParallel, dplyr, glmnet, rpart, rpart.plot, stats, flowCore, grDevices, graphics, utils","3.23"
"CyTOFpower",4.5,"LGPL-3","CytoGLMM, diffcyt, DT, dplyr, ggplot2, magrittr, methods, rlang, stats, shiny, shinyFeedback, shinyjs, shinyMatrix, SummarizedExperiment, tibble, tidyr","3.23"
"CytoGLMM",5,"LGPL-3","stats, methods, BiocParallel, RColorBrewer, cowplot, doParallel, dplyr, factoextra, flexmix, ggplot2, magrittr, mbest, pheatmap, stringr, strucchange, tibble, ggrepel, MASS, logging, Matrix, tidyr, caret, rlang, grDevices","3.23"
"cytoKernel",4.5,"GPL-3","Rcpp, SummarizedExperiment, utils, methods, ComplexHeatmap, circlize, ashr, data.table, BiocParallel, dplyr, stats, magrittr, rlang, S4Vectors","3.23"
"cytolib",8.5,"AGPL-3.0-only","RProtoBufLib","3.23"
"CytoMDS",2,"GPL-3","methods, stats, rlang, pracma, withr, flowCore, reshape2, ggplot2, ggrepel, ggforce, patchwork, transport, smacof, BiocParallel, CytoPipeline","3.23"
"cytoMEM",4,"GPL-3","gplots, tools, flowCore, grDevices, stats, utils, matrixStats, methods","3.23"
"CytoML",10,"AGPL-3.0-only","cytolib(>= 2.3.10), flowCore(>= 1.99.10), flowWorkspace(>= 4.1.8), openCyto(>= 1.99.2), XML, data.table, jsonlite, RBGL, Rgraphviz, Biobase, methods, graph, graphics, utils, jsonlite, dplyr, grDevices, methods, ggcyto(>= 1.11.4), yaml, stats, tibble","3.23"
"CytoPipeline",3,"GPL-3","methods, stats, utils, withr, rlang, ggplot2 (>= 3.4.1), ggcyto, BiocFileCache, BiocParallel, flowCore, PeacoQC, flowAI, diagram, jsonlite, scales","3.23"
"CytoPipelineGUI",2.5,"GPL-3","shiny, plotly, ggplot2, flowCore","3.23"
"DepecheR",7,"MIT + file LICENSE","ggplot2 (>= 3.1.0), MASS (>= 7.3.51), Rcpp (>= 1.0.0), dplyr (>= 0.7.8), gplots (>= 3.0.1), viridis (>= 0.5.1), foreach (>= 1.4.4), doSNOW (>= 1.0.16), matrixStats (>= 0.54.0), mixOmics(>= 6.6.1), moments (>= 0.14), grDevices (>= 3.5.2), graphics (>= 3.5.2), stats (>= 3.5.2), utils (>= 3.5), methods (>= 3.5), parallel (>= 3.5.2), reshape2 (>= 1.4.3), beanplot (>= 1.2), FNN (>= 1.1.3), robustbase (>= 0.93.5), gmodels (>= 2.18.1), collapse (>= 1.9.2), ClusterR (>= 1.3.2)","3.23"
"diffcyt",8,"MIT + file LICENSE","flowCore, FlowSOM, SummarizedExperiment, S4Vectors, limma, edgeR, lme4, multcomp, dplyr, tidyr, reshape2, magrittr, stats, methods, utils, grDevices, graphics, ComplexHeatmap, circlize, grid","3.23"
"distinct",6,"GPL (>= 3)","Rcpp, stats, SummarizedExperiment, SingleCellExperiment, methods, Matrix, foreach, parallel, doParallel, doRNG, ggplot2, limma, scater","3.23"
"flowAI",10,"GPL (>= 2)","ggplot2, flowCore, plyr, changepoint, knitr, reshape2, RColorBrewer, scales, methods, graphics, stats, utils, rmarkdown","3.23"
"flowBeads",13,"Artistic-2.0","flowCore, rrcov, knitr, xtable","3.23"
"flowBin",12.5,"Artistic-2.0","class, limma, snow, BiocGenerics","3.23"
"flowCHIC",12,"GPL-2","methods, flowCore, EBImage, vegan, hexbin, ggplot2, grid","3.23"
"flowClean",12,"Artistic-2.0","bit, changepoint, sfsmisc","3.23"
"flowClust",18,"MIT","BiocGenerics, methods, Biobase, graph, flowCore, parallel","3.23"
"flowCore",19,"Artistic-2.0","Biobase, BiocGenerics(>= 0.29.2), grDevices, graphics, methods, stats, utils, stats4, Rcpp, matrixStats, cytolib(>= 2.13.1), S4Vectors","3.23"
"flowCut",5.5,"Artistic-2.0","flowDensity(>= 1.13.1), Cairo, e1071, grDevices, graphics, stats, methods","3.23"
"flowCyBar",12.5,"GPL-2","gplots, vegan, methods","3.23"
"flowDensity",12,"Artistic-2.0","flowCore, graphics, flowViz(>= 1.42), car, polyclip, gplots, methods, stats, grDevices","3.23"
"flowFP",16.5,"Artistic-2.0","Biobase, BiocGenerics(>= 0.1.6), graphics, grDevices, methods, stats, stats4","3.23"
"flowGate",3,"MIT + file LICENSE","shiny (>= 1.5.0), BiocManager (>= 1.30.10), flowCore(>= 2.0.1), dplyr (>= 1.0.0), ggplot2 (>= 3.3.2), rlang (>= 0.4.7), purrr, tibble, methods","3.23"
"flowGraph",5,"Artistic-2.0","effsize, furrr, future, purrr, ggiraph, ggrepel, ggplot2, igraph, Matrix, matrixStats, stats, utils, visNetwork, htmlwidgets, grDevices, methods, stringr, stringi, Rdpack, data.table (>= 1.9.5), gridExtra","3.23"
"flowMatch",12.5,"Artistic-2.0","Biobase","3.23"
"flowMeans",16,"Artistic-2.0","Biobase, graphics, grDevices, methods, rrcov, stats, feature, flowCore","3.23"
"flowMerge",16.5,"Artistic-2.0","rrcov, flowCore, graphics, methods, stats, utils","3.23"
"flowPeaks",14,"Artistic-1.0",NA,"3.23"
"flowPloidy",10,"GPL-3","flowCore, car, caTools, knitr, rmarkdown, minpack.lm, shiny, methods, graphics, stats, utils","3.23"
"flowPlots",15.5,"Artistic-2.0",NA,"3.23"
"FlowSOM",11.5,"GPL (>= 2)","stats, utils, colorRamps, ConsensusClusterPlus, dplyr, flowCore, ggforce, ggnewscale, ggplot2, ggpubr, grDevices, magrittr, methods, rlang, Rtsne, tidyr, BiocGenerics, XML","3.23"
"flowSpecs",6.5,"MIT + file LICENSE","ggplot2 (>= 3.1.0), BiocGenerics(>= 0.30.0), BiocParallel(>= 1.18.1), Biobase(>= 2.48.0), reshape2 (>= 1.4.3), flowCore(>= 1.50.0), zoo (>= 1.8.6), stats (>= 3.6.0), methods (>= 3.6.0)","3.23"
"flowStats",17.5,"Artistic-2.0","BiocGenerics, MASS, flowCore(>= 1.99.6), flowWorkspace, ncdfFlow(>= 2.19.5), flowViz, fda (>= 2.2.6), Biobase, methods, grDevices, graphics, stats, cluster, utils, KernSmooth, lattice, ks, RColorBrewer, rrcov, corpcor, mnormt, clue","3.23"
"flowTime",9,"Artistic-2.0","utils, dplyr (>= 1.0.0), tibble, magrittr, plyr, rlang","3.23"
"flowTrans",16,"Artistic-2.0","flowCore, methods, flowViz, stats, flowClust","3.23"
"flowViz",19,"Artistic-2.0","stats4, Biobase, flowCore, graphics, grDevices, grid, KernSmooth, lattice, latticeExtra, MASS, methods, RColorBrewer, stats, utils, hexbin, IDPmisc","3.23"
"flowVS",11.5,"Artistic-2.0",NA,"3.23"
"flowWorkspace",14.5,"AGPL-3.0-only","Biobase, BiocGenerics, cytolib(>= 2.13.1), XML, ggplot2, graph, graphics, grDevices, methods, stats, stats4, utils, RBGL, tools, Rgraphviz, data.table, dplyr, scales (>= 1.3.0), matrixStats, RProtoBufLib, flowCore(>= 2.1.1), ncdfFlow(>= 2.25.4), DelayedArray, S4Vectors","3.23"
"GateFinder",8,"Artistic-2.0","splancs, mvoutlier, methods, stats, diptest, flowCore, flowFP","3.23"
"ggcyto",10,"file LICENSE","plyr, scales, hexbin, data.table, RColorBrewer, gridExtra, rlang","3.23"
"immunoClust",11.5,"Artistic-2.0","methods, stats, graphics, grid, lattice, grDevices","3.23"
"infinityFlow",5.5,"GPL-3","stats, grDevices, utils, graphics, pbapply, matlab, png, raster, grid, uwot, gtools, Biobase, generics, parallel, methods, xgboost (>= 3.0.0)","3.23"
"MACSQuantifyR",6.5,"Artistic-2.0","readxl, graphics, tools, utils, grDevices, ggplot2, ggrepel, methods, stats, latticeExtra, lattice, rmarkdown, png, grid, gridExtra, prettydoc, rvest, xml2","3.23"
"MAPFX",2,"GPL-2","flowCore, Biobase, stringr, uwot, iCellR, igraph, ggplot2, RColorBrewer, Rfast, ComplexHeatmap, circlize, glmnetUtils, e1071, xgboost (>= 3.0.0), parallel, pbapply, reshape2, gtools, utils, stats, cowplot, methods, grDevices, graphics","3.23"
"MetaCyto",8.5,"GPL (>= 2)","flowCore(>= 1.4), tidyr (>= 0.7), fastcluster, ggplot2, metafor, cluster, FlowSOM, grDevices, graphics, stats, utils","3.23"
"ncdfFlow",14.5,"AGPL-3.0-only","Biobase, BiocGenerics, flowCore","3.23"
"openCyto",13,"AGPL-3.0-only","methods, Biobase, BiocGenerics, flowCore(>= 1.99.17), flowViz, ncdfFlow(>= 2.11.34), flowWorkspace(>= 3.99.1), flowClust(>= 3.11.4), RBGL, graph, data.table, RColorBrewer, grDevices","3.23"
"optimalFlow",6,"Artistic-2.0","transport, parallel, Rfast, robustbase, dbscan, randomForest, foreach, graphics, doParallel, stats, flowMeans, rgl, ellipse","3.23"
"PeacoQC",5.5,"GPL (>=3)","circlize, ComplexHeatmap, flowCore, flowWorkspace, ggplot2, grDevices, grid, gridExtra, methods, plyr, stats, utils","3.23"
"plotGrouper",7.5,"GPL-3","ggplot2 (>= 3.0.0), dplyr (>= 0.7.6), tidyr (>= 0.2.0), tibble (>= 1.4.2), stringr (>= 1.3.1), readr (>= 1.1.1), readxl (>= 1.1.0), scales (>= 1.0.0), stats, grid, gridExtra (>= 2.3), egg (>= 0.4.0), gtable (>= 0.2.0), ggpubr (>= 0.1.8), shiny (>= 1.1.0), shinythemes (>= 1.1.1), colourpicker (>= 1.0), magrittr (>= 1.5), Hmisc (>= 4.1.1), rlang (>= 0.2.2)","3.23"
"quantiseqr",5,"GPL-3","Biobase, limSolve, MASS, methods, preprocessCore, stats, SummarizedExperiment, ggplot2, tidyr, rlang, utils","3.23"
"reconsi",6,"GPL-2","phyloseq, ks, reshape2, ggplot2, stats, methods, graphics, grDevices, matrixStats, Matrix","3.23"
"SamSPECTRAL",16,"GPL (>= 2)","methods","3.23"
"sccomp",4,"GPL-3","stats, boot, utils, scales, lifecycle, rlang, tidyselect, magrittr, crayon, cli, fansi, dplyr, tidyr, purrr, tibble, ggplot2, ggrepel, patchwork, forcats, readr, stringr, glue, SingleCellExperiment","3.23"
"scDataviz",5.5,"GPL-3","ggplot2, ggrepel, flowCore, umap, Seurat, reshape2, scales, RColorBrewer, corrplot, stats, grDevices, graphics, utils, MASS, matrixStats, methods","3.23"
"scifer",3.5,"MIT + file LICENSE","dplyr, rmarkdown, data.table, Biostrings, stats, plyr, knitr, ggplot2, gridExtra, DECIPHER, stringr, sangerseqR, kableExtra, tibble, scales, rlang, flowCore, methods, basilisk, basilisk.utils, reticulate, here, pwalign, utils","3.23"
"Sconify",8,"Artistic-2.0","tibble, dplyr, FNN, flowCore, Rtsne, ggplot2, magrittr, utils, stats, readr","3.23"
"spillR",2,"LGPL-3","dplyr, tibble, tidyselect, stats, ggplot2, tidyr, spatstat.univar, S4Vectors, parallel","3.23"
"SuperCellCyto",0.5,"GPL-3 + file LICENSE","SuperCell, data.table, Matrix, BiocParallel","3.23"
"tidyFlowCore",1.5,"MIT + file LICENSE","Biobase, dplyr, flowCore, ggplot2, methods, purrr, rlang, stats, stringr, tibble, tidyr","3.23"
"treekoR",5,"GPL-3","stats, utils, tidyr, dplyr, data.table, ggiraph, ggplot2, hopach, ape, ggtree, patchwork, SingleCellExperiment, diffcyt, edgeR, lme4, multcomp","3.23"
"tidytof",1.5,"MIT + file LICENSE","doParallel, dplyr, flowCore, foreach, ggplot2, ggraph, glmnet, methods, parallel, purrr, readr, recipes, rlang, stringr, survival, tidygraph, tidyr, tidyselect, yardstick, Rcpp, tibble, stats, utils, RcppHNSW","3.23"
