"package","since","license","imports"
"flowCore","BioC 2.0 (R-2.5) (19 years)","Artistic-2.0","Biobase, BiocGenerics(>= 0.29.2), grDevices, graphics, methods, stats, utils, stats4, Rcpp, matrixStats, cytolib(>= 2.13.1), S4Vectors"
"cytolib","BioC 3.6 (R-3.4) (8.5 years)","AGPL-3.0-only","RProtoBufLib"
"flowWorkspace","BioC 2.9 (R-2.14) (14.5 years)","AGPL-3.0-only","Biobase, BiocGenerics, cytolib(>= 2.13.1), XML, ggplot2, graph, graphics, grDevices, methods, stats, stats4, utils, RBGL, tools, Rgraphviz, data.table, dplyr, scales (>= 1.3.0), matrixStats, RProtoBufLib, flowCore(>= 2.1.1), ncdfFlow(>= 2.25.4), DelayedArray, S4Vectors"
"ncdfFlow","BioC 2.9 (R-2.14) (14.5 years)","AGPL-3.0-only","Biobase, BiocGenerics, flowCore"
"flowViz","BioC 2.0 (R-2.5) (19 years)","Artistic-2.0","stats4, Biobase, flowCore, graphics, grDevices, grid, KernSmooth, lattice, latticeExtra, MASS, methods, RColorBrewer, stats, utils, hexbin, IDPmisc"
"FlowSOM","BioC 3.1 (R-3.2) (11 years)","GPL (>= 2)","stats, utils, colorRamps, ConsensusClusterPlus, dplyr, flowCore, ggforce, ggnewscale, ggplot2, ggpubr, grDevices, magrittr, methods, rlang, Rtsne, tidyr, BiocGenerics, XML"
"ggcyto","BioC 3.3 (R-3.3) (10 years)","file LICENSE","plyr, scales, hexbin, data.table, RColorBrewer, gridExtra, rlang"
"openCyto","BioC 2.13 (R-3.0) (12.5 years)","AGPL-3.0-only","methods, Biobase, BiocGenerics, flowCore(>= 1.99.17), flowViz, ncdfFlow(>= 2.11.34), flowWorkspace(>= 3.99.1), flowClust(>= 3.11.4), RBGL, graph, data.table, RColorBrewer, grDevices"
"quantiseqr","BioC 3.13 (R-4.1) (4.5 years)","GPL-3","Biobase, limSolve, MASS, methods, preprocessCore, stats, SummarizedExperiment, ggplot2, tidyr, rlang, utils"
"flowStats","BioC 2.4 (R-2.9) (17 years)","Artistic-2.0","BiocGenerics, MASS, flowCore(>= 1.99.6), flowWorkspace, ncdfFlow(>= 2.19.5), flowViz, fda (>= 2.2.6), Biobase, methods, grDevices, graphics, stats, cluster, utils, KernSmooth, lattice, ks, RColorBrewer, rrcov, corpcor, mnormt, clue"
"CytoML","BioC 3.4 (R-3.3) (9.5 years)","AGPL-3.0-only","cytolib(>= 2.3.10), flowCore(>= 1.99.10), flowWorkspace(>= 4.1.8), openCyto(>= 1.99.2), XML, data.table, jsonlite, RBGL, Rgraphviz, Biobase, methods, graph, graphics, utils, jsonlite, dplyr, grDevices, methods, ggcyto(>= 1.11.4), yaml, stats, tibble"
"CATALYST","BioC 3.5 (R-3.4) (9 years)","GPL (>=2)","circlize, ComplexHeatmap, ConsensusClusterPlus, cowplot, data.table, dplyr, drc, flowCore, FlowSOM, ggplot2, ggrepel, ggridges, graphics, grDevices, grid, gridExtra, Matrix, matrixStats, methods, nnls, purrr, RColorBrewer, reshape2, Rtsne, SummarizedExperiment, S4Vectors, scales, scater, stats"
"flowAI","BioC 3.3 (R-3.3) (10 years)","GPL (>= 2)","ggplot2, flowCore, plyr, changepoint, knitr, reshape2, RColorBrewer, scales, methods, graphics, stats, utils, rmarkdown"
"diffcyt","BioC 3.7 (R-3.5) (8 years)","MIT + file LICENSE","flowCore, FlowSOM, SummarizedExperiment, S4Vectors, limma, edgeR, lme4, multcomp, dplyr, tidyr, reshape2, magrittr, stats, methods, utils, grDevices, graphics, ComplexHeatmap, circlize, grid"
"flowDensity","BioC 3.0 (R-3.1) (11.5 years)","Artistic-2.0","flowCore, graphics, flowViz(>= 1.42), car, polyclip, gplots, methods, stats, grDevices"
"flowMeans","BioC 2.6 (R-2.11) (16 years)","Artistic-2.0","Biobase, graphics, grDevices, methods, rrcov, stats, feature, flowCore"
"PeacoQC","BioC 3.12 (R-4.0) (5.5 years)","GPL (>=3)","circlize, ComplexHeatmap, flowCore, flowWorkspace, ggplot2, grDevices, grid, gridExtra, methods, plyr, stats, utils"
"flowFP","BioC 2.5 (R-2.10) (16.5 years)","Artistic-2.0","Biobase, BiocGenerics(>= 0.1.6), graphics, grDevices, methods, stats, stats4"
"flowClean","BioC 3.0 (R-3.1) (11.5 years)","Artistic-2.0","bit, changepoint, sfsmisc"
"flowPeaks","BioC 2.11 (R-2.15) (13.5 years)","Artistic-1.0",NA
"COMPASS","BioC 2.14 (R-3.1) (12 years)","Artistic-2.0","methods, Rcpp, data.table, RColorBrewer, scales, grid, plyr, knitr, abind, clue, grDevices, utils, pdist, magrittr, reshape2, dplyr, tidyr, rlang, BiocStyle, rmarkdown, foreach, coda"
"SamSPECTRAL","BioC 2.6 (R-2.11) (16 years)","GPL (>= 2)","methods"
"flowVS","BioC 3.1 (R-3.2) (11 years)","Artistic-2.0",NA
"cydar","BioC 3.5 (R-3.4) (9 years)","GPL-3","viridis, methods, shiny, graphics, stats, grDevices, utils, BiocGenerics, S4Vectors, BiocParallel, SummarizedExperiment, flowCore, Biobase, Rcpp, BiocNeighbors"
"flowMerge","BioC 2.5 (R-2.10) (16.5 years)","Artistic-2.0","rrcov, flowCore, graphics, methods, stats, utils"
"flowTrans","BioC 2.6 (R-2.11) (16 years)","Artistic-2.0","flowCore, methods, flowViz, stats, flowClust"
"distinct","BioC 3.11 (R-4.0) (6 years)","GPL (>= 3)","Rcpp, stats, SummarizedExperiment, SingleCellExperiment, methods, Matrix, foreach, parallel, doParallel, doRNG, ggplot2, limma, scater"
"flowCut","BioC 3.12 (R-4.0) (5.5 years)","Artistic-2.0","flowDensity(>= 1.13.1), Cairo, e1071, grDevices, graphics, stats, methods"
"flowMatch","BioC 2.14 (R-3.1) (12 years)","Artistic-2.0","Biobase"
"flowBeads","BioC 2.13 (R-3.0) (12.5 years)","Artistic-2.0","flowCore, rrcov, knitr, xtable"
"flowTime","BioC 3.5 (R-3.4) (9 years)","Artistic-2.0","utils, dplyr (>= 1.0.0), tibble, magrittr, plyr, rlang"
"sccomp","BioC 3.15 (R-4.2) (4 years)","GPL-3","stats, boot, utils, scales, lifecycle, rlang, tidyselect, magrittr, crayon, cli, fansi, dplyr, tidyr, purrr, tibble, ggplot2, ggrepel, patchwork, forcats, readr, stringr, glue, SingleCellExperiment"
"flowCHIC","BioC 3.0 (R-3.1) (11.5 years)","GPL-2","methods, flowCore, EBImage, vegan, hexbin, ggplot2, grid"
"flowSpecs","BioC 3.10 (R-3.6) (6.5 years)","MIT + file LICENSE","ggplot2 (>= 3.1.0), BiocGenerics(>= 0.30.0), BiocParallel(>= 1.18.1), Biobase(>= 2.48.0), reshape2 (>= 1.4.3), flowCore(>= 1.50.0), zoo (>= 1.8.6), stats (>= 3.6.0), methods (>= 3.6.0)"
"DepecheR","BioC 3.9 (R-3.6) (7 years)","MIT + file LICENSE","ggplot2 (>= 3.1.0), MASS (>= 7.3.51), Rcpp (>= 1.0.0), dplyr (>= 0.7.8), gplots (>= 3.0.1), viridis (>= 0.5.1), foreach (>= 1.4.4), doSNOW (>= 1.0.16), matrixStats (>= 0.54.0), mixOmics(>= 6.6.1), moments (>= 0.14), grDevices (>= 3.5.2), graphics (>= 3.5.2), stats (>= 3.5.2), utils (>= 3.5), methods (>= 3.5), parallel (>= 3.5.2), reshape2 (>= 1.4.3), beanplot (>= 1.2), FNN (>= 1.1.3), robustbase (>= 0.93.5), gmodels (>= 2.18.1), collapse (>= 1.9.2), ClusterR (>= 1.3.2)"
"treekoR","BioC 3.13 (R-4.1) (4.5 years)","GPL-3","stats, utils, tidyr, dplyr, data.table, ggiraph, ggplot2, hopach, ape, ggtree, patchwork, SingleCellExperiment, diffcyt, edgeR, lme4, multcomp"
"flowBin","BioC 2.14 (R-3.1) (12 years)","Artistic-2.0","class, limma, snow, BiocGenerics"
"MetaCyto","BioC 3.6 (R-3.4) (8.5 years)","GPL (>= 2)","flowCore(>= 1.4), tidyr (>= 0.7), fastcluster, ggplot2, metafor, cluster, FlowSOM, grDevices, graphics, stats, utils"
"immunoClust","BioC 3.1 (R-3.2) (11 years)","Artistic-2.0","methods, stats, graphics, grid, lattice, grDevices"
"scDataviz","BioC 3.12 (R-4.0) (5.5 years)","GPL-3","ggplot2, ggrepel, flowCore, umap, Seurat, reshape2, scales, RColorBrewer, corrplot, stats, grDevices, graphics, utils, MASS, matrixStats, methods"
"cytoMEM","BioC 3.15 (R-4.2) (4 years)","GPL-3","gplots, tools, flowCore, grDevices, stats, utils, matrixStats, methods"
"flowPloidy","BioC 3.4 (R-3.3) (9.5 years)","GPL-3","flowCore, car, caTools, knitr, rmarkdown, minpack.lm, shiny, methods, graphics, stats, utils"
"plotGrouper","BioC 3.8 (R-3.5) (7.5 years)","GPL-3","ggplot2 (>= 3.0.0), dplyr (>= 0.7.6), tidyr (>= 0.2.0), tibble (>= 1.4.2), stringr (>= 1.3.1), readr (>= 1.1.1), readxl (>= 1.1.0), scales (>= 1.0.0), stats, grid, gridExtra (>= 2.3), egg (>= 0.4.0), gtable (>= 0.2.0), ggpubr (>= 0.1.8), shiny (>= 1.1.0), shinythemes (>= 1.1.1), colourpicker (>= 1.0), magrittr (>= 1.5), Hmisc (>= 4.1.1), rlang (>= 0.2.2)"
"CytoDx","BioC 3.7 (R-3.5) (8 years)","GPL-2","doParallel, dplyr, glmnet, rpart, rpart.plot, stats, flowCore, grDevices, graphics, utils"
"Sconify","BioC 3.7 (R-3.5) (8 years)","Artistic-2.0","tibble, dplyr, FNN, flowCore, Rtsne, ggplot2, magrittr, utils, stats, readr"
"flowPlots","BioC 2.8 (R-2.13) (15 years)","Artistic-2.0",NA
"GateFinder","BioC 3.7 (R-3.5) (8 years)","Artistic-2.0","splancs, mvoutlier, methods, stats, diptest, flowCore, flowFP"
"flowGate","BioC 3.17 (R-4.3) (3 years)","MIT + file LICENSE","shiny (>= 1.5.0), BiocManager (>= 1.30.10), flowCore(>= 2.0.1), dplyr (>= 1.0.0), ggplot2 (>= 3.3.2), rlang (>= 0.4.7), purrr, tibble, methods"
"flowGraph","BioC 3.13 (R-4.1) (4.5 years)","Artistic-2.0","effsize, furrr, future, purrr, ggiraph, ggrepel, ggplot2, igraph, Matrix, matrixStats, stats, utils, visNetwork, htmlwidgets, grDevices, methods, stringr, stringi, Rdpack, data.table (>= 1.9.5), gridExtra"
"infinityFlow","BioC 3.12 (R-4.0) (5.5 years)","GPL-3","stats, grDevices, utils, graphics, pbapply, matlab, png, raster, grid, uwot, gtools, Biobase, generics, parallel, methods, xgboost"
"cyanoFilter","BioC 3.13 (R-4.1) (4.5 years)","MIT + file LICENSE","Biobase, flowCore, flowDensity, flowClust, cytometree, ggplot2, GGally, graphics, grDevices, methods, mrfDepth, stats, utils"
"optimalFlow","BioC 3.11 (R-4.0) (6 years)","Artistic-2.0","transport, parallel, Rfast, robustbase, dbscan, randomForest, foreach, graphics, doParallel, stats, flowMeans, rgl, ellipse"
"CytoGLMM","BioC 3.13 (R-4.1) (4.5 years)","LGPL-3","stats, methods, BiocParallel, RColorBrewer, cowplot, doParallel, dplyr, factoextra, flexmix, ggplot2, magrittr, mbest, pheatmap, stringr, strucchange, tibble, ggrepel, MASS, logging, Matrix, tidyr, caret, rlang, grDevices"
"scifer","BioC 3.16 (R-4.2) (3.5 years)","MIT + file LICENSE","dplyr, rmarkdown, data.table, Biostrings, stats, plyr, knitr, ggplot2, gridExtra, DECIPHER, stringr, sangerseqR, kableExtra, tibble, scales, rlang, flowCore, methods, basilisk, basilisk.utils, reticulate, here, pwalign, utils"
"cytoKernel","BioC 3.14 (R-4.1) (4.5 years)","GPL-3","Rcpp, SummarizedExperiment, utils, methods, ComplexHeatmap, circlize, ashr, data.table, BiocParallel, dplyr, stats, magrittr, rlang, S4Vectors"
"CytoPipeline","BioC 3.17 (R-4.3) (3 years)","GPL-3","methods, stats, utils, withr, rlang, ggplot2 (>= 3.4.1), ggcyto, BiocFileCache, BiocParallel, flowCore, PeacoQC, flowAI, diagram, jsonlite, scales"
"censcyt","BioC 3.13 (R-4.1) (4.5 years)","MIT + file LICENSE","BiocParallel, broom.mixed, dirmult, dplyr, edgeR, fitdistrplus, lme4, magrittr, MASS, methods, mice, multcomp, purrr, rlang, S4Vectors, stats, stringr, SummarizedExperiment, survival, tibble, tidyr, utils"
"flowCyBar","BioC 2.14 (R-3.1) (12 years)","GPL-2","gplots, vegan, methods"
"reconsi","BioC 3.11 (R-4.0) (6 years)","GPL-2","phyloseq, ks, reshape2, ggplot2, stats, methods, graphics, grDevices, matrixStats, Matrix"
"MACSQuantifyR","BioC 3.10 (R-3.6) (6.5 years)","Artistic-2.0","readxl, graphics, tools, utils, grDevices, ggplot2, ggrepel, methods, stats, latticeExtra, lattice, rmarkdown, png, grid, gridExtra, prettydoc, rvest, xml2"
"CytoMDS","BioC 3.19 (R-4.4) (2 years)","GPL-3","methods, stats, rlang, pracma, withr, flowCore, reshape2, ggplot2, ggrepel, ggforce, patchwork, transport, smacof, BiocParallel, CytoPipeline"
"CytoPipelineGUI","BioC 3.18 (R-4.3) (2.5 years)","GPL-3","shiny, plotly, ggplot2, flowCore"
"MAPFX","BioC 3.19 (R-4.4) (2 years)","GPL-2","flowCore, Biobase, stringr, uwot, iCellR, igraph, ggplot2, RColorBrewer, Rfast, ComplexHeatmap, circlize, glmnetUtils, e1071, xgboost (>= 3.0.0), parallel, pbapply, reshape2, gtools, utils, stats, cowplot, methods, grDevices, graphics"
"spillR","BioC 3.19 (R-4.4) (2 years)","LGPL-3","dplyr, tibble, tidyselect, stats, ggplot2, tidyr, spatstat.univar, S4Vectors, parallel"
"tidyFlowCore","BioC 3.20 (R-4.4) (1.5 years)","MIT + file LICENSE","Biobase, dplyr, flowCore, ggplot2, methods, purrr, rlang, stats, stringr, tibble, tidyr"
"CyTOFpower","BioC 3.14 (R-4.1) (4.5 years)","LGPL-3","CytoGLMM, diffcyt, DT, dplyr, ggplot2, magrittr, methods, rlang, stats, shiny, shinyFeedback, shinyjs, shinyMatrix, SummarizedExperiment, tibble, tidyr"
"tidytof","BioC 3.20 (R-4.4) (1.5 years)","MIT + file LICENSE","doParallel, dplyr, flowCore, foreach, ggplot2, ggraph, glmnet, methods, parallel, purrr, readr, recipes, rlang, stringr, survival, tidygraph, tidyr, tidyselect, yardstick, Rcpp, tibble, stats, utils, RcppHNSW"
"SuperCellCyto","BioC 3.22 (R-4.5) (< 6 months)","GPL-3 + file LICENSE","SuperCell, data.table, Matrix, BiocParallel"
